external_id,address,permit_type,project_value,applicant,issue_date,description,source,city
23-014715-000-00 B7,6221 130B St,Renovation,62000,,2026-01-02,Renovation / Single Family,surrey,Surrey
25-115088-000-00 B7,6056 164 St,S/S Created in Finished Area,21360,,2026-01-06,S/S Created in Finished Area / Single Family (Secondary Suite),surrey,Surrey
25-129222-000-00 B7,15292 94 Ave,Fire Damage Repair,15000,,2026-01-06,Fire Damage Repair / Single Family,surrey,Surrey
25-133682-000-00 B7,17412 103B Ave,Solar Panel Installation,15146,,2026-01-06,Solar Panel Installation / Single Family,surrey,Surrey
25-128046-000-00 B7,5775 126 St,New,80000,,2026-01-07,New / Swimming Pool,surrey,Surrey
25-082545-000-00 B7,19122 61A Ave,New,800000,,2026-01-08,New / Duplex,surrey,Surrey
25-085458-000-00 B7,8930 132 St,New,881295,,2026-01-08,New / Single Family (Secondary Suite),surrey,Surrey
25-085459-000-00 B7,8930 132 St,New,150000,,2026-01-08,New / Garden Suite,surrey,Surrey
25-088981-000-00 B7,4373 152 St,New,200000,,2026-01-08,New / Barn,surrey,Surrey
25-122763-000-00 B7,3641 159A St,New,1000000,"Oberizon Homes White Rock, British Columbia, Canada",2026-01-08,New / Single Family,surrey,Surrey
24-051354-001-01 B7DD,5968 127A St,New,100775,"Builden Construction Unit 508 13761 96 Ave Surrey, British Columbia, Canada, V3V 0E8",2026-01-09,New / Coach House / Garage,surrey,Surrey
25-116642-000-00 B7DD,10031 173 St,New,807580,,2026-01-09,New / Single Family (Secondary Suite),surrey,Surrey
25-120953-000-00 B7,15092 19A Ave,Renovation,80000,,2026-01-09,Renovation / Single Family,surrey,Surrey
25-104530-000-00 B7,5924 169 St,Addition,350000,,2026-01-12,Addition / Single Family,surrey,Surrey
25-116642-001-00 B7DD,10031 173 St,New,100125,,2026-01-12,New / Garden Suite,surrey,Surrey
25-118686-000-01 B7,6837 Kilburn Pl,New,92250,,2026-01-12,New / Garden Suite,surrey,Surrey
24-068638-000-00 B7,18030 60 Ave,New,1000000,,2026-01-13,New / Single Family (Secondary Suite),surrey,Surrey
24-068640-000-00 B7,18030 60 Ave,New,120000,,2026-01-13,New / Garden Suite,surrey,Surrey
25-079647-000-00 B7DD,68 Peace Park Dr,New,750000,,2026-01-13,New / Single Family (Secondary Suite),surrey,Surrey
25-129364-000-00 B7,16919 60 Ave,S/S Created in Finished Area,20000,,2026-01-13,S/S Created in Finished Area / Single Family,surrey,Surrey
25-094407-000-00 B7,5487 182 St,New,1200000,,2026-01-14,New / Single Family (Secondary Suite),surrey,Surrey
25-117337-000-00 B7,8649 187 St,Fire Damage Repair,8500,,2026-01-14,Fire Damage Repair / Garage,surrey,Surrey
24-055120-000-00 B7DD,16695 15A Ave,New,550000,,2026-01-15,New / Single Family (Secondary Suite),surrey,Surrey
24-055120-001-00 B7DD,16695 15A Ave,New,50000,,2026-01-15,New / Garage,surrey,Surrey
25-123633-000-00 B7,13038 69A Ave,New,825000,,2026-01-15,New / Single Family (Secondary Suite),surrey,Surrey
23-059011-000-00 B7,16033 77 Ave,New,35625,,2026-01-16,New / Accessory Building,surrey,Surrey
25-083892-000-00 B7DD,8355 166A St,New,675000,"1084816 BC Ltd. 14450 34 Ave Surrey, British Columbia, Canada, V4P3L2",2026-01-16,New / Single Family (Secondary Suite),surrey,Surrey
25-100499-000-00 B7DD,16738 20 Ave,New,370360,,2026-01-16,New / Single Family,surrey,Surrey
25-100499-001-00 B7DD,16738 20 Ave,New,93750,,2026-01-16,New / Coach House / Garage,surrey,Surrey
25-110605-000-00 B7,15036 96A Ave,Addition,150000,,2026-01-16,Addition / Single Family (Secondary Suite),surrey,Surrey
25-111673-000-00 B7,8483 Wildwood Pl,S/S Created in Unfinished Area,358000,,2026-01-16,S/S Created in Unfinished Area / Single Family (Secondary Suite),surrey,Surrey
25-119512-000-00 B7,17480 61B Ave,New,880000,,2026-01-16,New / Single Family (Secondary Suite),surrey,Surrey
25-122153-000-00 B7,7288 195A St,S/S Created in Finished Area,12500,,2026-01-16,S/S Created in Finished Area / Single Family,surrey,Surrey
25-099282-000-00 B7,9304 149 St,Addition,74625,"Tong Ngo Engineering Ltd. Unit 204 15315 66 Ave Surrey, British Columbia, Canada, V3S 2A1",2026-01-19,Addition / Single Family,surrey,Surrey
25-103171-000-00 B7,16249 Glenwood Cr N,New,1100000,,2026-01-19,New / Single Family (Secondary Suite),surrey,Surrey
25-103172-000-00 B7,16249 Glenwood Cr N,New,200000,,2026-01-19,New / Coach House / Garage,surrey,Surrey
25-011191-000-00 B7,7755 154A St,Solar Panel Installation,25000,"True Value Energy Ltd. Unit 200 7404 King George Blvd Surrey, British Columbia, Canada, V3W 1N6",2026-01-21,Solar Panel Installation / Single Family,surrey,Surrey
25-079444-000-00 B7,19128 61A Ave,New,800000,,2026-01-22,New / Duplex,surrey,Surrey
25-119778-000-00 B7,12243 Boundary Dr S,New,850000,,2026-01-22,New / Single Family,surrey,Surrey
25-131247-000-00 B7,17885 57 Ave,Fire Damage Repair,50000,,2026-01-23,Fire Damage Repair / Single Family,surrey,Surrey
25-078472-000-00 B7,10699 Salisbury Dr,Addition,475000,"Tyrrell Projects Inc 19949 56 Ave Surrey, British Columbia, Canada, V3A3Y2",2026-01-26,Addition / Single Family,surrey,Surrey
25-106276-000-00 B7,13410 16A Ave,Addition,250000,"Winning Development Ltd 15550 37 Ave Surrey, British Columbia, Canada, V3Z 0H4",2026-01-27,Addition / Single Family,surrey,Surrey
25-108539-000-00 B7,12765 14 Ave,New,650000,,2026-01-28,New / Single Family (Secondary Suite),surrey,Surrey
25-100566-000-00 B7,14579 61 Ave,S/S Created in Finished Area,11112,,2026-01-29,S/S Created in Finished Area / Single Family,surrey,Surrey
25-128998-000-00 B7,15782 97A Ave,Renovation,80000,"Archivolt.ca Unit 416 2001 Wall St Vancouver, British Columbia, Canada, V5L 5E4",2026-01-29,Renovation / Single Family,surrey,Surrey
25-083687-000-00 B7,15024 Pheasant Dr,New,1140000,"Marvel Pacific Developments Ltd 2910 Semihamoo Trail Surrey, British Columbia, Canada, V3S 5J9",2026-01-30,New / Duplex,surrey,Surrey
25-084432-000-00 B7,10999 Partridge Cr,New,851310,,2026-01-30,New / Single Family (Secondary Suite),surrey,Surrey
25-109396-000-00 B7DD,9258 Bothwell Dr,New,434025,"Foxridge Homes Unit 310 5620 152 St Surrey, British Columbia, Canada, V3S3K2",2026-01-30,New / Single Family (Secondary Suite),surrey,Surrey
25-110996-000-00 B7,11441 Millar Rd,New,700000,,2026-01-30,New / Single Family (Secondary Suite),surrey,Surrey
25-130042-000-00 B7,12777 Ocean Cliff Dr,Addition,73500,,2026-01-30,Addition / Single Family,surrey,Surrey
25-130378-000-00 B7,9985 173B St,Renovation,8000,,2026-01-30,Renovation / Single Family,surrey,Surrey
24-063635-000-00 B7,12593 115 Ave,New,800000,,2026-02-02,New / Single Family,surrey,Surrey
25-084511-000-00 B7,15158 73B Ave,New,1000000,,2026-02-03,New / Single Family (Secondary Suite),surrey,Surrey
25-105065-000-00 B7,13770 90 Ave,New,1100000,,2026-02-03,New / Single Family (Secondary Suite),surrey,Surrey
25-114545-000-00 B7,1549 161 St,New,900000,,2026-02-03,New / Duplex,surrey,Surrey
25-117037-000-00 B7,1423 164 St,New,850000,,2026-02-03,New / Single Family (Secondary Suite),surrey,Surrey
25-117038-000-00 B7,1423 164 St,New,130000,,2026-02-03,New / Garden Suite,surrey,Surrey
25-011412-000-00 B7,6253 181A St,New,902860,"1346275 BC Ltd 16691 63 Ave Surrey, British Columbia, Canada, V3S9L6",2026-02-04,New / Single Family (Secondary Suite),surrey,Surrey
25-092405-000-00 B7,17432 2 Ave,S/S Created in Finished Area,40000,,2026-02-04,S/S Created in Finished Area / Single Family (Secondary Suite),surrey,Surrey
25-117405-000-00 B7,13790 23 Ave,Addition,100000,,2026-02-04,Addition / Single Family (Secondary Suite),surrey,Surrey
25-120797-000-00 B7,13741 111 Ave,Addition,205000,"1515736 BC Ltd Unit 71 27735 Roundhouse Dr Abbotsford, British Columbia, Canada, V4X 0B9",2026-02-04,Addition / Single Family,surrey,Surrey
25-125629-000-00 B7,7755 148 St,New,300000,,2026-02-04,New / Garden Suite,surrey,Surrey
25-133592-000-00 B7,16576 59A Ave,S/S Created in Unfinished Area,18500,,2026-02-04,S/S Created in Unfinished Area / Single Family (Secondary Suite),surrey,Surrey
25-135976-000-00 B7,12994 112 Ave,Solar Panel Installation,31000,"Sukhpaul Parmar (Ready Solar Corp) 7625 Sapperton Ave. Burnaby, British Columbia, Canada, V3N4C9",2026-02-04,Solar Panel Installation / Single Family (Secondary Suite),surrey,Surrey
25-084433-000-00 B7,10999 Partridge Cr,New,105375,,2026-02-05,New / Garden Suite,surrey,Surrey
25-129096-000-00 B7,16958 103A Ave,S/S Created in Unfinished Area,50556,"Leeson Engineering Inc. 1545 W 75th Ave Vancouver, British Columbia, Canada, V6P 6Z7",2026-02-06,S/S Created in Unfinished Area / Single Family (Secondary Suite),surrey,Surrey
25-136253-000-00 B7,15633 91A Ave,Addition,28260,,2026-02-06,Addition / Single Family,surrey,Surrey
25-101773-000-00 B7,17012 62 Ave,New,1000000,"Kesri Enterprises LTD 2321 172 St Surrey, British Columbia, Canada, V3Z",2026-02-08,New / Duplex,surrey,Surrey
25-086068-000-00 B7,14525 86A Ave,New,700000,,2026-02-09,New / Single Family (Secondary Suite),surrey,Surrey
25-086074-000-00 B7,14525 86A Ave,New,200000,,2026-02-09,New / Garden Suite,surrey,Surrey
25-129393-000-00 B7,12690 27A Ave,New,200000,,2026-02-09,New / Swimming Pool,surrey,Surrey
25-132002-000-00 B7,14349 65 Ave,Solar Panel Installation,17802,"Polaron Energy Corp. Unit 109 13680 Bridgeport Rd Richmond, British Columbia, Canada, V6V 1V3",2026-02-09,Solar Panel Installation / Single Family,surrey,Surrey
23-032738-000-00 B7DD,13072 24 Ave,New,974915,,2026-02-10,New / Single Family (Secondary Suite),surrey,Surrey
23-032738-001-00 B7DD,13072 24 Ave,New,104750,,2026-02-10,New / Garden Suite,surrey,Surrey
25-137329-000-00 B7,17745 68 Ave,Renovation,12000,,2026-02-10,Renovation / Single Family (Secondary Suite),surrey,Surrey
25-137373-000-00 B7,9657 161A St,New,900000,"Rashpal Singh Padda and RRA New Homes Ltd 5518 183A St Surrey, British Columbia, Canada, V3S 7Z3",2026-02-10,New / Duplex,surrey,Surrey
25-138306-000-00 B7,18083 74 Ave,New,24000,"Smart Farms Ltd Unit 1 13018 84 Ave Surrey, British Columbia, Canada, V3W 1L2",2026-02-10,New / Accessory Building,surrey,Surrey
25-127626-000-00 B7DD,7665 156A St,New,850000,"Raav Homes Ltd. Unit 204 7565 132 St Surrey, British Columbia, Canada, V3W 1K5",2026-02-11,New / Single Family (Secondary Suite),surrey,Surrey
25-132107-000-00 B7,2884 128 St,New,800000,,2026-02-11,New / Single Family (Secondary Suite),surrey,Surrey
25-132110-000-00 B7,2884 128 St,New,185000,,2026-02-11,New / Garden Suite,surrey,Surrey
25-137650-000-00 B7,16724 16A Ave,Solar Panel Installation,28445,,2026-02-11,Solar Panel Installation / Single Family,surrey,Surrey
25-098968-000-00 B7,16702 20 Ave,New,700000,,2026-02-12,New / Duplex,surrey,Surrey
25-098969-000-00 B7,16702 20 Ave,New,100000,,2026-02-12,New / Garage,surrey,Surrey
25-101778-000-00 B7,17012 62 Ave,New,106200,"Kesri Enterprises LTD 2321 172 St Surrey, British Columbia, Canada, V3Z",2026-02-12,New / Coach House / Garage,surrey,Surrey
25-116459-000-00 B7,13843 16 Ave,New,850000,,2026-02-12,New / Duplex,surrey,Surrey
25-116460-000-00 B7,13843 16 Ave,New,50000,,2026-02-12,New / Garage,surrey,Surrey
25-111550-000-00 B7DD,17022 92A Ave,New,453720,"Foxridge Homes Unit 310 5620 152 St Surrey, British Columbia, Canada, V3S3K2",2026-02-13,New / Single Family (Secondary Suite),surrey,Surrey
25-133595-000-00 B7,13834 18A Ave,Renovation,200000,,2026-02-13,Renovation / Single Family,surrey,Surrey
24-018793-000-00 B7,3638 156A St,Basement/Room Finishing,60000,"Tong Ngo Engineering Associates Ltd. Unit 204 15315 66 Ave Surrey, British Columbia, Canada, V3S 2A1",2026-02-18,Basement/Room Finishing / Single Family,surrey,Surrey
25-122898-000-00 B7,14331 66A Ave,New,900000,,2026-02-18,New / Duplex,surrey,Surrey
25-122900-000-00 B7,14331 66A Ave,New,200000,,2026-02-18,New / Garden Suite,surrey,Surrey
25-133977-000-00 B7,14121 30A Ave,Renovation,85000,,2026-02-18,Renovation / Single Family,surrey,Surrey
25-129005-000-00 B7,9256 163A St,Basement/Room Finishing,30380,,2026-02-19,Basement/Room Finishing / Single Family,surrey,Surrey
22-014769-000-00 B7,14605 Southview Dr,New,5000,,2026-02-20,New / Retaining Wall,surrey,Surrey
25-109035-000-00 B7,13927 64 Ave,New,368095,,2026-02-20,New / Single Family (Secondary Suite),surrey,Surrey
25-109522-000-00 B7,13929 64 Ave,New,370045,,2026-02-20,New / Single Family (Secondary Suite),surrey,Surrey
25-123094-000-00 B7,6360 188 St,Solar Panel Installation,26822,"Polaron Energy Corp. 13680 Bridgeport Road Richmond, British Columbia, Canada, V6V 1V3",2026-02-20,Solar Panel Installation / Single Family,surrey,Surrey
25-110843-000-00 B7,17592 102A Ave,New,700000,,2026-02-23,New / Single Family (Secondary Suite),surrey,Surrey
25-119117-000-00 B7,10155 Mary (125A St) Dr,Solar Panel Installation,8000,"604-GO-SOLAR INC Unit C130 6286 203 St Surrey, British Columbia, Canada, V2Y 3S1",2026-02-23,Solar Panel Installation / Single Family (Secondary Suite),surrey,Surrey
25-119387-000-00 B7,1367 161B St,Addition,125000,,2026-02-23,Addition / Single Family,surrey,Surrey
25-012319-000-00 B7,5841 132 St,New,773055,,2026-02-24,New / Single Family (Secondary Suite),surrey,Surrey
25-108977-000-00 B7,13935 64 Ave,New,251105,,2026-02-24,New / Single Family (Secondary Suite),surrey,Surrey
25-110601-000-00 B7,13937 64 Ave,New,374465,,2026-02-24,New / Single Family (Secondary Suite),surrey,Surrey
25-130037-000-00 B7,12355 21A Ave,S/S Created in Finished Area,100000,,2026-02-24,S/S Created in Finished Area / Single Family,surrey,Surrey
25-132464-000-00 B7,9470 127 St,New,100000,,2026-02-24,New / Accessory Building,surrey,Surrey
25-090674-000-00 B7,6175 190 St,New,692620,,2026-02-25,New / Duplex,surrey,Surrey
25-090676-000-00 B7,6175 190 St,New,116000,,2026-02-25,New / Garden Suite,surrey,Surrey
25-129616-000-00 B7,5689 125A St,Addition,125000,"Sayers Contracting Ltd 24426 58A Ave Langley, British Columbia, Canada, V2Z 1G7",2026-02-25,Addition / Single Family,surrey,Surrey
25-087434-000-00 B7,18963 Sunrise Ave,New,1000000,,2026-02-26,New / Single Family (Secondary Suite),surrey,Surrey
25-087439-000-00 B7,18963 Sunrise Ave,New,200000,,2026-02-26,New / Garden Suite,surrey,Surrey
25-132568-000-00 B7,16039 9A Ave,New,750000,,2026-02-27,New / Duplex,surrey,Surrey
25-083674-000-00 B7,11150 160 St,New,900000,,2026-03-03,New / Single Family (Secondary Suite),surrey,Surrey
25-083681-000-00 B7,11150 160 St,New,99625,,2026-03-03,New / Garden Suite,surrey,Surrey
25-086763-000-00 B7,15773 McBeth Rd,New,950000,,2026-03-04,New / Single Family (Secondary Suite),surrey,Surrey
25-100149-000-00 B7,8204 170 St,New,1600000,,2026-03-04,New / Single Family,surrey,Surrey
25-116478-000-00 B7,12879 Carluke Cr,New,785615,,2026-03-05,New / Single Family,surrey,Surrey
25-116480-000-00 B7,12879 Carluke Cr,New,101700,,2026-03-05,New / Garden Suite,surrey,Surrey
25-110607-000-00 B7,10668 158A St,New,1200000,,2026-03-06,New / Single Family (Secondary Suite),surrey,Surrey
24-056956-000-00 B7,3138 162 St,New,60000,,2026-03-09,New / Swimming Pool,surrey,Surrey
25-119489-000-00 B7,2684 137 St,New,40000,,2026-03-09,New / Swimming Pool,surrey,Surrey
25-104598-000-00 B7,1504 132B St,Fire Damage Repair,216600,,2026-03-10,Fire Damage Repair / Single Family (Secondary Suite),surrey,Surrey
25-104599-000-00 B7,1504 132B St,S/S Created in Unfinished Area,55828,,2026-03-10,S/S Created in Unfinished Area / Single Family (Secondary Suite),surrey,Surrey
25-106282-000-00 B7,14611 60A Ave,New,535945,"1514906 BC LTD 13372 64A Ave Surrey, British Columbia, Canada, V3W 9Z1",2026-03-10,New / Single Family (Secondary Suite),surrey,Surrey
25-135067-000-00 B7,16795 Edgewood Dr,New,700000,,2026-03-10,New / Duplex,surrey,Surrey
25-136073-000-00 B7,14209 31 Ave,Renovation,60000,"Sarah Gallop Design Inc 4919 48 Ave Delta, British Columbia, Canada, V4K 1V4",2026-03-10,Renovation / Single Family,surrey,Surrey
25-128913-000-00 B7,8077 164 St,Fire Damage Repair,60000,,2026-03-13,Fire Damage Repair / Single Family,surrey,Surrey
26-010914-000-00 B7,16727 57 Ave,New,1000000,"Kesri Enterprises Ltd. (Jatinder Singh) 2321 172 St Surrey, British Columbia, Canada",2026-03-16,New / Single Family (Secondary Suite),surrey,Surrey
25-121083-000-00 B7,9661 157 St,Renovation,52875,"Pug Rock City Homes Ltd. 9085 161A St Surrey, British Columbia, Canada, V4N 3E5",2026-03-17,Renovation / Single Family (Secondary Suite),surrey,Surrey
25-126564-000-00 B7,3720 156A St,S/S Created in Finished Area,300000,,2026-03-17,S/S Created in Finished Area / Single Family (Secondary Suite),surrey,Surrey
25-088906-000-00 B7,9733 154 St,New,1100000,,2026-03-18,New / Single Family (Secondary Suite),surrey,Surrey
25-088909-000-00 B7,9733 154 St,New,212705,,2026-03-18,New / Garden Suite,surrey,Surrey
26-011924-000-00 B7,13651 19 Ave,Addition,80000,,2026-03-18,Addition / Single Family (Secondary Suite),surrey,Surrey
26-012785-000-00 B7,11342 140 St,Solar Panel Installation,30576,,2026-03-18,Solar Panel Installation / Single Family,surrey,Surrey
25-118705-000-00 B7,2648 Dogwood Dr,Addition,40000,,2026-03-20,Addition / Single Family,surrey,Surrey
25-117695-000-00 B7,10878 143 St,New,900000,,2026-03-22,New / Single Family (Secondary Suite),surrey,Surrey
25-119345-000-00 B7,11912 97 Ave,New,950000,,2026-03-23,New / Duplex,surrey,Surrey
25-119346-000-00 B7,11912 97 Ave,New,208000,,2026-03-23,New / Garden Suite,surrey,Surrey
25-090754-000-00 B7,6069 172B St,New,700000,,2026-03-24,New / Duplex,surrey,Surrey
25-117301-000-00 B7DD,17035 92A Ave,New,411885,"Foxridge Homes Unit 310 5620 152 St Surrey, British Columbia, Canada, V3S3K2",2026-03-24,New / Single Family (Secondary Suite),surrey,Surrey
25-104296-000-00 B7,12959 58A Ave,Fire Damage Repair,150000,"Wonder Marbel & Stone Inc. 11027 129A St Surrey, British Columbia, Canada, V3T 3K9",2026-03-25,Fire Damage Repair / Single Family,surrey,Surrey
25-117361-000-00 B7DD,17041 92A Ave,New,405420,"Foxridge Homes Unit 310 5620 152 St Surrey, British Columbia, Canada, V3S3K2",2026-03-25,New / Single Family (Secondary Suite),surrey,Surrey
25-138276-000-00 B7,12959 58A Ave,S/S Created in Finished Area,100000,"Wonder Marble & Stone Inc. 11046 130 St Surrey, British Columbia, Canada, V3T3M4",2026-03-25,S/S Created in Finished Area / Single Family,surrey,Surrey
23-017219-000-00 B7,7161 140A St,New,945585,,2026-03-26,New / Single Family (Secondary Suite),surrey,Surrey
26-012309-000-00 B7,1851 Laronde Dr,Renovation,21000,,2026-03-26,Renovation / Single Family (Secondary Suite),surrey,Surrey
26-019315-000-00 B7,7161 140A St,New,275000,,2026-03-26,New / Garden Suite,surrey,Surrey
25-093192-000-00 B7,12559 97 Ave,New,950000,"Bay Point Homes Inc 9286 133A St Surrey, British Columbia, Canada, V3V 5R5",2026-03-27,New / Single Family (Secondary Suite),surrey,Surrey
25-138683-000-00 B7,17979 98A Ave,Addition,150000,"True Light Building & Developments Ltd. 23444 124 Ave Maple Ridge, British Columbia, Canada, V2X 4K4",2026-03-27,Addition / Single Family,surrey,Surrey
25-127731-000-00 B7,16785 21 Ave,New,750000,"Woodcrest Homes Limited 12460 New Mclellan Rd Surrey, British Columbia, Canada, V3X 2Y4",2026-03-29,New / Duplex,surrey,Surrey
25-127732-000-00 B7,16785 21 Ave,New,150000,"Woodcrest Homes Ltd. 12460 New Mclellan Rd Surrey, British Columbia, Canada, V3X 2Y4",2026-03-29,New / Coach House / Garage,surrey,Surrey
25-137896-000-00 B7DD,16713 57 Ave,New,1100000,"Homeland Project 16345 59 Ave Surrey, British Columbia, Canada, V3S 7A5",2026-04-01,New / Single Family (Secondary Suite),surrey,Surrey
25-011425-000-00 B7,3081 Hillview Crt,New,2026735,,2026-04-05,New / Single Family (Secondary Suite),surrey,Surrey
26-010532-000-00 B7,10336 127 St,S/S Created in Finished Area,3000,,2026-04-05,S/S Created in Finished Area / Single Family,surrey,Surrey
25-118616-000-00 B7DD,17047 92A Ave,New,384800,"Foxridge Homes Unit 310 5620 152 St Surrey, British Columbia, Canada, V3S3K2",2026-04-06,New / Single Family (Secondary Suite),surrey,Surrey
25-124829-000-00 B7DD,17051 92A Ave,New,434025,"Foxridge Homes Unit 310 5620 152 St Surrey, British Columbia, Canada, V3S3K2",2026-04-06,New / Single Family (Secondary Suite),surrey,Surrey
26-010452-000-00 B7,16163 Springside Crt,Fire Damage Repair,150000,,2026-04-07,Fire Damage Repair / Single Family,surrey,Surrey
26-015770-000-00 B7,6155 191A St,Solar Panel Installation,17656,,2026-04-07,Solar Panel Installation / Single Family,surrey,Surrey
26-018039-000-00 B7,16163 Springside Crt,Renovation,17500,,2026-04-07,Renovation / Single Family,surrey,Surrey
23-028253-000-00 B7,8516 172 St,New,400000,,2026-04-08,New / Barn,surrey,Surrey
25-079567-000-00 B7,3081 Hillview Crt,New,123000,,2026-04-08,New / Accessory Building,surrey,Surrey
25-119483-000-00 B7,11069 Wren Cr,New,681070,"Appora Consulting Inc. 14088 82 Ave Surrey, British Columbia, Canada, V3W 1M8",2026-04-08,New / Duplex,surrey,Surrey
25-078596-000-00 B7,10329 129A St,New,780800,,2026-04-09,New / Single Family (Secondary Suite),surrey,Surrey
25-084787-000-00 B7,6270 129A St,New,100000,,2026-04-09,New / Garden Suite,surrey,Surrey
25-087833-000-00 B7,9495 156 St,New,950000,"Build Green Homes Ltd 13091 64 Ave Surrey, British Columbia, Canada, V3W1X8",2026-04-09,New / Duplex,surrey,Surrey
25-129114-000-00 B7,3081 Hillview Crt,New,35000,,2026-04-09,New / Retaining Wall,surrey,Surrey
25-133653-000-00 B7,14717 16A Ave,New,1200000,,2026-04-09,New / Single Family (Secondary Suite),surrey,Surrey
25-133656-000-00 B7,14717 16A Ave,New,200000,,2026-04-09,New / Garden Suite,surrey,Surrey
25-134621-000-00 B7,9341 157 St,Addition,150000,"UDC Design Center Ltd. Unit 202 7750 128 St Surrey, British Columbia, Canada, V3W 0R6",2026-04-10,Addition / Single Family,surrey,Surrey
25-119509-000-00 B7,11069 Wren Cr,New,300000,"Appora Consulting Inc. 14088 82 Ave Surrey, British Columbia, Canada, V3W 1M8",2026-04-12,New / Garden Suite,surrey,Surrey
25-106302-000-00 B7,18272 66 Ave,S/S Created in Unfinished Area,36740,,2026-04-13,S/S Created in Unfinished Area / Single Family,surrey,Surrey
25-129847-000-00 B7,7846 126A St,New,850000,,2026-04-13,New / Duplex,surrey,Surrey
25-129849-000-00 B7,7846 126A St,New,201500,,2026-04-13,New / Garden Suite,surrey,Surrey
25-131970-000-00 B7,11905 99 Ave,New,300000,,2026-04-13,New / Garden Suite,surrey,Surrey
24-013753-000-00 B7,12808 13 Ave,New,1250000,"Northcrest Contracting 14147 Greencrest Drive Surrey, British Columbia, Canada",2026-04-14,New / Single Family (Secondary Suite),surrey,Surrey
25-131935-000-00 B7,16641 Rosewood Pl,Addition,150000,,2026-04-14,Addition / Single Family (Secondary Suite),surrey,Surrey
25-136063-000-00 B7,10325 146 St,New,751375,,2026-04-14,New / Duplex,surrey,Surrey
25-136067-000-00 B7,10325 146 St,New,200000,,2026-04-14,New / Garden Suite,surrey,Surrey
25-012226-000-00 B7,6177 156 St,New,900000,,2026-04-15,New / Single Family (Secondary Suite),surrey,Surrey
25-094436-000-00 B7,5965 169 St,New,936715,,2026-04-15,New / Single Family (Secondary Suite),surrey,Surrey
25-106950-000-00 B7,5883 167A St,Solar Panel Installation,25800,,2026-04-15,Solar Panel Installation / Single Family,surrey,Surrey
25-123116-000-00 B7,9366 148A St,New,200000,,2026-04-15,New / Garden Suite,surrey,Surrey
25-133590-000-00 B7,19149 68B Ave,Renovation,15000,,2026-04-15,Renovation / Single Family,surrey,Surrey
26-011471-000-00 B7,13380 79 Ave,Fire Damage Repair,200000,,2026-04-15,Fire Damage Repair / Single Family,surrey,Surrey
26-015802-000-00 B7,15857 39A Ave,New,80000,,2026-04-15,New / Swimming Pool,surrey,Surrey
25-111985-000-00 B7,14721 111A Ave,New,200000,,2026-04-16,New / Garden Suite,surrey,Surrey
26-014120-000-00 B7,6247 134 St,Solar Panel Installation,20000,"604-GO-SOLAR Unit C130 6286 203 St Langley, British Columbia, Canada, V3A5E6",2026-04-16,Solar Panel Installation / Single Family,surrey,Surrey
26-016219-000-00 B7,16585 28 Ave,New,1060660,,2026-04-16,New / Single Family (Secondary Suite),surrey,Surrey
23-014882-000-00 B7,9156 125A St,New,700000,,2026-04-17,New / Single Family (Secondary Suite),surrey,Surrey
25-095955-000-00 B7,8942 134B St,New,800000,,2026-04-17,New / Single Family (Secondary Suite),surrey,Surrey
25-113977-000-00 B7,17326 27A Ave,New,70000,,2026-04-17,New / Swimming Pool,surrey,Surrey
25-118427-000-00 B7,9156 125A St,New,125000,,2026-04-17,New / Garden Suite,surrey,Surrey
25-119364-000-00 B7,17326 27A Ave,Addition,500000,"Wile Designs 2635 Granite Court Coquitlam, British Columbia, Canada, V3E 2T9",2026-04-17,Addition / Single Family,surrey,Surrey
25-119366-000-00 B7,17326 27A Ave,New,64750,"Wile Designs 2635 Granite Court Coquitlam, British Columbia, Canada, V3E 2T9",2026-04-17,New / Accessory Building,surrey,Surrey
25-131117-000-00 B7,13780 115 Ave,New,1000000,,2026-04-17,New / Single Family (Secondary Suite),surrey,Surrey
25-131121-000-00 B7,13780 115 Ave,New,200875,,2026-04-17,New / Garden Suite,surrey,Surrey
25-135484-000-00 B7,10888 129A St,New,1000000,,2026-04-17,New / Single Family (Secondary Suite),surrey,Surrey
25-115122-000-00 B7,3409 180 St,New,50000,,2026-04-19,New / Barn,surrey,Surrey
25-123082-000-00 B7,1545 161 St,New,900000,,2026-04-20,New / Duplex,surrey,Surrey
25-012147-000-00 B7,9572 125 St,New,750000,,2026-04-21,New / Single Family (Secondary Suite),surrey,Surrey
25-123692-000-00 B7,9572 125 St,New,80500,,2026-04-21,New / Garden Suite,surrey,Surrey
26-015074-000-00 B7,12411 79A Ave,New,551250,,2026-04-21,New / Single Family (Secondary Suite),surrey,Surrey
25-121416-000-00 B7,18948 55A Ave,S/S Created in Finished Area,17688,,2026-04-23,S/S Created in Finished Area / Single Family,surrey,Surrey
25-134095-000-00 B7,16458 92A Ave,Solar Panel Installation,19654,,2026-04-23,Solar Panel Installation / Single Family,surrey,Surrey
25-135630-000-00 B7,12070 76A Ave,New,950000,,2026-04-23,New / Single Family (Secondary Suite),surrey,Surrey
25-135632-000-00 B7,12070 76A Ave,New,150000,,2026-04-23,New / Garden Suite,surrey,Surrey
25-138414-000-00 B7DD,16577 28 Ave,New,895300,"Warwickshire Homes Ltd. Unit 516- 800 15355 24 Ave Surrey, British Columbia, Canada, V4A 2H9",2026-04-23,New / Single Family (Secondary Suite),surrey,Surrey
26-018885-000-00 B7,7344 147A St,Solar Panel Installation,28812,,2026-04-23,Solar Panel Installation / Single Family,surrey,Surrey
25-134237-000-00 B7,16545 25 Ave,Solar Panel Installation,12520,,2026-04-24,Solar Panel Installation / Single Family,surrey,Surrey
25-134239-000-00 B7,16545 25 Ave,Solar Panel Installation,18780,,2026-04-24,Solar Panel Installation / Garage,surrey,Surrey
26-012949-000-00 B7,16850 58A Ave,Solar Panel Installation,15000,,2026-04-24,Solar Panel Installation / Single Family (Secondary Suite),surrey,Surrey
26-017512-000-00 B7,2236 134 St,Renovation,10000,,2026-04-24,Renovation / Single Family,surrey,Surrey
26-018717-000-00 B7,14185 Grosvenor Rd,Solar Panel Installation,21372,,2026-04-24,Solar Panel Installation / Single Family,surrey,Surrey
26-026426-000-00 B7,2566 148 St,Renovation,12000,,2026-04-24,Renovation / Single Family,surrey,Surrey
25-084749-000-00 B7,15771 88 Ave,New,950000,"Mahil Drywall Ltd. 6294 150A St Surrey, British Columbia, Canada, V3S 2H8",2026-04-27,New / Single Family (Secondary Suite),surrey,Surrey
25-118982-000-00 B7,14725 110 Ave,New,950000,,2026-04-27,New / Duplex,surrey,Surrey
25-137642-000-00 B7,6862 151A St,Renovation,3000,,2026-04-27,Renovation / Single Family,surrey,Surrey
25-084756-000-00 B7,15771 88 Ave,New,150000,"Mahil Drywall Ltd. 6294 150A St Surrey, British Columbia, Canada, V3S 2H8",2026-04-28,New / Garden Suite,surrey,Surrey
25-130098-000-00 B7,8466 170 St,S/S Created in Finished Area,29424,,2026-04-28,S/S Created in Finished Area / Single Family (Secondary Suite),surrey,Surrey
26-014576-000-00 B7,15639 18A Ave,Solar Panel Installation,12000,,2026-04-28,Solar Panel Installation / Single Family,surrey,Surrey
24-062887-000-00 B7,11453 142 St,New,968350,,2026-04-30,New / Duplex,surrey,Surrey
25-084020-000-00 B7,14761 68A Ave,New,700000,,2026-04-30,New / Duplex,surrey,Surrey
25-084022-000-00 B7,14761 68A Ave,New,20000,,2026-04-30,New / Accessory Building,surrey,Surrey
25-127542-000-00 B7,14070 114 Ave,New,150000,"Singhco Propertlies Ltd. 16726 40 Ave Surrey, British Columbia, Canada, V3Z 1E5",2026-04-30,New / Garden Suite,surrey,Surrey
24-037495-000-00 B7,5066 176 St,New,350000,,2026-05-01,New / Barn,surrey,Surrey
25-090365-000-00 B7,18045 80 Ave,New,1200000,,2026-05-01,New / Single Family,surrey,Surrey
25-101712-000-00 B7,14888 40 Ave,New,500000,,2026-05-01,New / Barn,surrey,Surrey
25-101987-000-00 B7,12723 24A Ave,New,1300000,"Luxon Homes Ltd 1316 129A St Surrey, British Columbia, Canada, V4A 3Y6",2026-05-01,New / Duplex,surrey,Surrey
25-118172-000-00 B7,12718 Ocean Cliff Dr,Garage to Room,18000,,2026-05-01,Garage to Room / Single Family,surrey,Surrey
25-128417-000-00 B7,12641 26 Ave,Renovation,125500,,2026-05-01,Renovation / Garden Suite,surrey,Surrey
25-105786-000-00 B7,7528 147A St,S/S Created in Finished Area,50000,,2026-05-04,S/S Created in Finished Area / Single Family (Secondary Suite),surrey,Surrey
25-134248-000-00 B7,16495 111 Ave,Addition,1000000,"New Craft Builder Corp. 26019 58 Ave Surrey, British Columbia, Canada, V4W 1K9",2026-05-04,Addition / Single Family,surrey,Surrey
25-136949-000-00 B7,2688 Crescent Dr,Addition,10000,"Habicave Prefab Homes Ltd. Unit 413 16433 19 Ave Surrey, British Columbia, Canada, V3Z 0Z1",2026-05-04,Addition / Single Family,surrey,Surrey
26-023144-000-00 B7DD,17016 92A Ave,New,427620,"Foxridge Homes Unit 310 5620 152 St Surrey, British Columbia, Canada, V3S3K2",2026-05-05,New / Single Family,surrey,Surrey
26-023192-000-00 B7DD,17008 92A Ave,New,445280,"Foxridge Homes Unit 310 5620 152 St Surrey, British Columbia, Canada, V3S3K2",2026-05-05,New / Single Family,surrey,Surrey
25-137945-000-00 B7,14487 58 Ave,Solar Panel Installation,27567,"MAG Solar Inc. 101-7261 River Pl Mission, British Columbia, Canada",2026-05-06,Solar Panel Installation / Single Family,surrey,Surrey
26-021832-000-00 B7,6730 134 St,Solar Panel Installation,56007,"Polaron Energy Corp. Unit 109 13680 Bridgeport Rd Richmond, British Columbia, Canada, V6V 1V3",2026-05-06,Solar Panel Installation / Single Family,surrey,Surrey
26-023813-000-00 B7,9777 123 St,Solar Panel Installation,5000,,2026-05-06,Solar Panel Installation / Single Family,surrey,Surrey
25-119786-000-00 B7,6331 124 St,Solar Panel Installation,14308,,2026-05-11,Solar Panel Installation / Single Family,surrey,Surrey
26-023394-000-00 B7,18915 71 Ave,Solar Panel Installation,11984,"Penfolds Roofing & Solar 2230 Hartley Ave. Coquitlam, British Columbia, Canada, V3K 6X3",2026-05-11,Solar Panel Installation / Single Family,surrey,Surrey
25-092344-000-00 B7,8826 140A St,New,900000,,2026-05-13,New / Single Family (Secondary Suite),surrey,Surrey
25-127623-000-00 B7,16779 21 Ave,New,750000,Woodcrest Homes Limited 12460 New Mclellan Rd Surrey,2026-05-13,New / Duplex,surrey,Surrey
25-127625-000-00 B7,16779 21 Ave,New,150000,"Woodcrest Homes Ltd 12460 New Mclellan Rd Surrey, British Columbia, Canada",2026-05-13,New / Coach House / Garage,surrey,Surrey
25-117092-000-00 B7,1439 164 St,New,850000,,2026-05-14,New / Single Family (Secondary Suite),surrey,Surrey
25-118244-000-00 B7,13442 98 Ave,S/S Created in Finished Area,14064,,2026-05-14,S/S Created in Finished Area / Single Family (Secondary Suite),surrey,Surrey
25-128106-000-00 B7,5792 185 St,New,153625,"Alpha West Homes Inc. Unit 210 12837 76 Ave Surrey, British Columbia, Canada, V3W2V3",2026-05-14,New / Garden Suite,surrey,Surrey
26-015383-000-00 B7,12545 Ocean Forest Pl,Renovation,235000,,2026-05-14,Renovation / Single Family,surrey,Surrey
26-021681-000-00 B7,6298 187 St,New,100000,"Azuro Concepts Inc. Unit 226 15355 24 Ave Surrey, British Columbia, Canada",2026-05-15,New / Swimming Pool,surrey,Surrey
25-136078-000-00 B7,9905 132A St,New,161000,,2026-05-19,New / Garden Suite,surrey,Surrey
25-105640-000-00 B7,17571 48 Ave,Solar Panel Installation,33331,,2026-05-20,Solar Panel Installation / Barn,surrey,Surrey
26-020682-000-00 B7,15443 36B Ave,Basement/Room Finishing,75000,,2026-05-20,Basement/Room Finishing / Single Family,surrey,Surrey
25-094014-000-00 B7,12847 64A Ave,New,45000,,2026-05-22,New / Accessory Building,surrey,Surrey
25-099020-000-00 B7,5851 132 St,New,800000,,2026-05-22,New / Duplex,surrey,Surrey
25-099594-000-00 B7,5110 160 St,Addition,180000,,2026-05-22,Addition / Single Family,surrey,Surrey
25-110780-000-00 B7,6033 186 St,New,769570,,2026-05-22,New / Single Family (Secondary Suite),surrey,Surrey
26-013186-000-00 B7,9667 155 St,Addition,23935,,2026-05-22,Addition / Single Family,surrey,Surrey
26-015008-000-00 B7,13752 56 Ave,New,10000,"Red Tree Homes 5676 125 St Surrey, British Columbia, Canada, V2X 0A5",2026-05-22,New / Accessory Building,surrey,Surrey
26-017677-000-00 B7,12458 78A Ave,Solar Panel Installation,26567,"Shift Energy Group Victoria, British Columbia, Canada",2026-05-22,Solar Panel Installation / Single Family,surrey,Surrey
26-019632-000-00 B7,19126 70 Ave,S/S Created in Finished Area,21072,,2026-05-22,S/S Created in Finished Area / Single Family,surrey,Surrey
26-027077-000-00 B7,12747 20 Ave,Solar Panel Installation,40176,,2026-05-22,Solar Panel Installation / Single Family,surrey,Surrey
25-104494-000-00 B7,12519 60 Ave,New,1000000,,2026-05-26,New / Single Family (Secondary Suite),surrey,Surrey
25-111672-000-00 B7,11361 Lansdowne Dr,New,887010,,2026-05-27,New / Single Family (Secondary Suite),surrey,Surrey
26-021669-000-00 B7,18306 55 Ave,Addition,35000,,2026-05-27,Addition / Single Family,surrey,Surrey
25-129154-000-00 B7,15469 19 Ave,New,800000,,2026-05-28,New / Single Family (Secondary Suite),surrey,Surrey
26-020603-000-00 B7,9868 181 St,Renovation,10000,,2026-05-28,Renovation / Single Family,surrey,Surrey
24-023145-000-00 B7,4204 176 St,New,750000,,2026-05-29,New / Single Family,surrey,Surrey
25-117994-000-00 B7DD,17028 92A Ave,New,427650,"Foxridge Homes Unit 310 5620 152 St Surrey, British Columbia, Canada, V3S3K2",2026-05-29,New / Single Family (Secondary Suite),surrey,Surrey
25-128246-000-00 B7,15309 21 Ave,New,300000,"Square One Investment 205 1678 128 St Surrey, British Columbia, Canada, V4A 3V3",2026-05-29,New / Garden Suite,surrey,Surrey
25-129424-000-00 B7,14530 55 Ave,Solar Panel Installation,10000,"Suntech Solar Solutions Inc. 11638 88 Ave Delta, British Columbia, Canada",2026-05-29,Solar Panel Installation / Single Family (Secondary Suite),surrey,Surrey
26-013578-000-00 B7,12463 79A Ave,Fire Damage Repair,7000,,2026-05-29,Fire Damage Repair / Single Family,surrey,Surrey
26-015790-000-00 B7,12463 79A Ave,S/S Created in Finished Area,16032,,2026-05-29,S/S Created in Finished Area / Single Family,surrey,Surrey
25-129010-000-00 B7,15653 18 Ave,New,800000,,2026-06-02,New / Single Family,surrey,Surrey
25-129013-000-00 B7,15653 18 Ave,New,185000,,2026-06-02,New / Garden Suite,surrey,Surrey
26-022798-000-00 B7,16701 15A Ave,Solar Panel Installation,39000,"Vancouver Solar & Electrical Ltd. #900 2025 Willingdon Ave Burnaby, British Columbia, Canada, V5J 0J3",2026-06-02,Solar Panel Installation / Single Family,surrey,Surrey
26-015612-000-00 B7,15355 80A Ave,S/S Created in Finished Area,20000,"IDesign Homes 20626 Grade Crescent Langley, British Columbia, Canada, V3A 4K3",2026-06-03,S/S Created in Finished Area / Single Family,surrey,Surrey
25-131122-000-00 B7,13397 61A Ave,Solar Panel Installation,17500,"Solar Panel Store Canada Ltd. Unit 11 102 Commerce Park Drive Barrie, ON, Canada, L4N 8W8",2026-06-05,Solar Panel Installation / Single Family,surrey,Surrey
26-012858-000-00 B7,15158 86B Ave,New,999405,,2026-06-05,New / Single Family (Secondary Suite),surrey,Surrey
26-025050-000-00 B7,1671 135A St,Renovation,85000,"MY HOUSE DESIGN/BUILD TEAM LTD 160 19929 84 Ave Surrey, British Columbia, Canada, V2Y3Y8",2026-06-05,Renovation / Single Family,surrey,Surrey
26-012078-000-00 B7,14966 84 Ave,New,675585,,2026-06-07,New / Duplex,surrey,Surrey
26-012140-000-00 B7,14966 84 Ave,New,300000,,2026-06-07,New / Garage,surrey,Surrey
25-126011-000-00 B7,1858 144A St,New,1300000,,2026-06-08,New / Single Family,surrey,Surrey
25-138071-000-00 B7,15867 107A Ave,New,855200,,2026-06-09,New / Single Family (Secondary Suite),surrey,Surrey
26-017526-000-00 B7,14778 71A Ave,New,775000,"1321597 BC LTD 6874 Helston Cr Surrey, British Columbia, Canada, V3W 6H4",2026-06-09,New / Duplex,surrey,Surrey
26-020108-000-00 B7,13318 56 Ave,Solar Panel Installation,6000,"Ready Solar Inc. 7625 Sapperton Ave. Burnaby, British Columbia, Canada, V3N4C9",2026-06-09,Solar Panel Installation / Single Family,surrey,Surrey
26-022427-000-00 B7,1490 160A St,Renovation,140000,"SURF Architecture Suite 304 1493 Foster Street White Rock, British Columbia, Canada, V4B 0C4",2026-06-09,Renovation / Single Family,surrey,Surrey
26-011722-000-00 B7,6196 131A St,New,706945,,2026-06-10,New / Duplex,surrey,Surrey
26-011723-000-00 B7,6196 131A St,New,201625,,2026-06-10,New / Garden Suite,surrey,Surrey
26-022597-000-00 B7,10326 124A St,Fire Damage Repair,94000,"On Side Restoration 103 9780 188 St Surrey, British Columbia, Canada, V4N 4W9",2026-06-10,Fire Damage Repair / Single Family,surrey,Surrey
26-030858-000-00 B7,9870 Huckleberry Dr,Solar Panel Installation,22194,"Polaron Energy Corp. 13680 Bridgeport Road Richmond, British Columbia, Canada, V6V 1V3",2026-06-10,Solar Panel Installation / Single Family,surrey,Surrey
25-096882-000-00 B7,10112 129 St,New,950000,"Samra Properties Ltd 9268 123A St Surrey, British Columbia, Canada, V3V6X8",2026-06-11,New / Duplex,surrey,Surrey
25-096883-000-00 B7,10112 129 St,New,100125,"Samra Properties Ltd 9268 123A St Surrey, British Columbia, Canada, V3V6X8",2026-06-11,New / Garden Suite,surrey,Surrey
25-096884-000-00 B7,10112 129 St,New,100125,"Samra Properties Ltd 9268 123A St Surrey, British Columbia, Canada, V3V6X8",2026-06-11,New / Garden Suite,surrey,Surrey
